N°;Projet;Adresse web;Secteur;Ville;Lieu affiché;Période;Statut;Surface;Terrain;Surface couverte;Résumé;Missions GCG;Typologies;Autorisation client;Validé par GCG (oui / correction)
1;Green City;/realisations/green-city;residentiel;grand-bassam;Grand-Bassam;2025;execution;2 500 m²;;;Projet de construction d’une cité de 45 villas haut standing.;Études, conception et réalisation | Gros œuvre et second œuvre | Aménagements extérieurs et infrastructures;Villa Minan 204 m² | Villa ASUE 220 m² | Villa Boya 320 m²;en-attente;
2;Villa Palmeras;/realisations/villa-palmeras;residentiel;grand-bassam;Grand-Bassam;2023;execution;33 000 m²;6 hectares;;Travaux de construction de 116 villas R+1 haut standing.;Études et réalisation du projet | Gros œuvre et second œuvre | Aménagements intérieurs et extérieurs;;en-attente;
3;Hôtel Calao Korhogo;/realisations/hotel-calao-korhogo;hotellerie;korhogo;Korhogo;2020 – 2024;receptionne;4 000 m²;;;Projet clé en main d’un hôtel R+3 — 42 chambres haut standing.;Études | Réalisation et aménagement;;en-attente;
4;Projet Élan;/realisations/projet-elan;residentiel;grand-bassam;Bassam Modeste;2026;etudes;14 hectares;;600 000 m²;Complexe résidentiel de 28 tours R+16.;Étude architecturale | Études techniques;;en-attente;
5;Spa Assinie;/realisations/spa-assinie;hotellerie;assinie;Assinie;2020 – 2023;à confirmer;1 200 m²;;;Aménagement d’un centre de loisirs et de détente SPA.;Conception | Réalisation clé en main;;en-attente;
6;Hôtel Akwabeach;/realisations/hotel-akwabeach;hotellerie;assouinde;Assouindé;2025;execution;2 500 m²;;;Travaux de réaménagement d’un hôtel 4 étoiles.;Rénovation et modernisation des espaces intérieurs | Réhabilitation des infrastructures et équipements | Mise à niveau des prestations et des aménagements;;en-attente;
7;Usine pharmaceutique SAIF Ivoire;/realisations/saif-ivoire;industrie;grand-bassam;Zone franche VITIB;2020 – 2021;à confirmer;3 500 m²;;;Construction d’une usine pharmaceutique en structure métallique.;Études techniques et réalisation;;en-attente;
8;Salle polyvalente;/realisations/salle-polyvalente-korhogo;equipements;korhogo;Korhogo;2022;à confirmer;800 m²;;;Projet clé en main d’une salle polyvalente destinée aux cérémonies et événements.;Études | Construction | Aménagement;;en-attente;
9;Royal Palm;/realisations/royal-palm;hotellerie;assinie;Assinie;2018;à confirmer;2 200 m²;;;Huit villas touristiques haut standing.;Conception architecturale | Étude de structure | Travaux de gros œuvre | Travaux de second œuvre | Aménagements extérieurs;;en-attente;
10;Beach Bar Assinie;/realisations/beach-bar-assinie;hotellerie;assinie;Assinie;2022;à confirmer;800 m²;;;Restaurant-bar touristique avec piscine à débordement.;Conception architecturale | Étude de structure | Travaux de gros œuvre | Travaux de second œuvre | Aménagements extérieurs;;en-attente;
11;Palm Village;/realisations/palm-village;hotellerie;assinie;Assinie;2022;à confirmer;1 600 m²;;;Complexe résidentiel de 4 villas et 8 appartements.;Étude de structure | Études fluides et électricité | Travaux de gros œuvre et second œuvre | Ameublement et agencement;;en-attente;
12;Immeuble Marikati;/realisations/immeuble-marikati;residentiel;abidjan;Vallon;2020;à confirmer;6 800 m²;;;Bâtiment à usage bureautique et résidentiel.;Étude architecturale | Études techniques;;en-attente;
13;Immeuble Belle Feuille;/realisations/immeuble-belle-feuille;residentiel;abidjan;Attoban;2021;à confirmer;5 000 m²;;;Immeuble R+4 de 18 appartements.;Étude architecturale et technique d’un immeuble R+4;;en-attente;
14;Immeuble Attoban;/realisations/immeuble-attoban;residentiel;abidjan;Attoban;2021;à confirmer;7 800 m²;;;Complexe de 3 bâtiments à usage bureautique et résidentiel.;Étude architecturale | Étude technique;;en-attente;
15;Suite hôtelière Assouindé;/realisations/suite-hoteliere-assouinde;hotellerie;assouinde;Assouindé;Sept. 2024 – févr. 2025;à confirmer;400 m²;;;Projet clé en main de 3 suites et 5 chambres.;Études, réalisation et aménagement;;en-attente;
16;Villa de luxe Assouindé;/realisations/villa-de-luxe-assouinde;residentiel;assouinde;Assouindé;Décembre 2025;à confirmer;260 m²;;;Projet clé en main d’une villa haut standing.;Études | Construction | Aménagement | Réalisation de la piscine;;en-attente;
17;Salle de sport Progym;/realisations/salle-de-sport-progym;equipements;abidjan;Cocody;Mars – déc. 2017;à confirmer;800 m²;;;Réaménagement d’une salle de sport.;Travaux de second œuvre;;en-attente;
18;Usine pharmaceutique Pharmanova;/realisations/usine-pharmanova;industrie;grand-bassam;Zone franche VITIB;Févr. – déc. 2018;à confirmer;4 200 m²;;;Construction d’une usine pharmaceutique en structure métallique avec mezzanine.;Études techniques et réalisation;;en-attente;
19;VRD cité Baobab;/realisations/vrd-cite-baobab;industrie;grand-bassam;Grand-Bassam;Juin – nov. 2023;à confirmer;5 hectares;;;Aménagement et voirie d’un quartier résidentiel : la cité BAOBAB de SIDI.;Travaux de voirie et réseaux divers (VRD) | Voiries, assainissement et réseaux divers | Travaux d’infrastructures et d’équipements;;en-attente;
20;Mise à niveau d’un complexe hôtelier;/realisations/mise-a-niveau-complexe-hotelier;hotellerie;assouinde;Assouindé;Août – oct. 2024;à confirmer;;;;Détection et lutte contre l’incendie.;Mise à niveau des installations électriques et de plomberie | Mise en conformité technique du site;;en-attente;
21;Usine de cajou;/realisations/usine-de-cajou;industrie;attingue;Attingué;2025;à confirmer;55 000 m²;;;Usine de stockage de cajou.;Étude technique | Analyse et conception des installations;;en-attente;
22;Temple indien;/realisations/temple-indien;equipements;grand-bassam;Grand-Bassam;2023;execution;2 500 m²;;;Temple en R+1.;Études et réalisation | Travaux de gros œuvre et de second œuvre | Aménagements architecturaux et décoratifs;;en-attente;
23;Villa de maître Beverly Hills;/realisations/villa-de-maitre-beverly-hills;residentiel;abidjan;Riviera Golf;2025;execution;600 m²;;;Projet d’une villa haut standing avec piscine.;Étude technique | Travaux de finition | Aménagement extérieur;;en-attente;
24;Résidence privée de luxe Beverly Hills;/realisations/residence-privee-beverly-hills;residentiel;abidjan;Riviera Golf;2025;execution;1 200 m²;;;Projet clé en main de 3 villas très haut standing.;Études, conception et réalisation | Gros œuvre et second œuvre | Aménagements intérieurs et extérieurs;;en-attente;
25;Palm Resort phase 2 : Mövenpick;/realisations/palm-resort-movenpick;hotellerie;assouinde;Assouindé;2025;etudes;5 hectares;;;64 bungalows, 30 villas haut standing, 1 salle de conférence et 1 bâtiment principal.;Permis de bâtir;;en-attente;
26;Résidence Abatta;/realisations/residence-abatta;residentiel;abidjan;Abidjan;2026;etudes;8 000 m²;;8 700 m²;Ensemble de villas résidentielles haut standing : deux prototypes de villas urbaines et un immeuble R+3.;Études technique et architecturale | Aménagements intérieurs et extérieurs;;en-attente;
27;Résidence Assinie Mafia;/realisations/residence-assinie-mafia;residentiel;assinie;Assinie;2025;etudes;1 200 m²;;;Ensemble de villas résidentielles de standing : trois prototypes de villas urbaines et une villa lagunaire.;Études technique et architecturale | Aménagements intérieurs et extérieurs;;en-attente;
28;Complexe familial de vacances;/realisations/complexe-familial-vacances;hotellerie;assinie;Assinie;2026;etudes;;;;Projet de revalorisation et de développement d’un site balnéaire, dans une situation exceptionnelle entre lagune et océan.;Étude architecturale;;en-attente;
29;École Green City;/realisations/ecole-green-city;equipements;grand-bassam;Bassam Modeste;2026;etudes;3 810 m²;;;École primaire en R+2 avec piscine et 3 terrains de padel.;Études et conception architecturale;;en-attente;
30;Hôtel du Golf Abidjan;/realisations/hotel-du-golf;hotellerie;abidjan;Riviera Golf;2020;à confirmer;;;;Complexe touristique.;Étude de faisabilité;;en-attente;
31;Villa Palmerais;/realisations/villa-palmerais;residentiel;abidjan;Riviera Palmeraie;2019 – 2020;à confirmer;1 100 m²;;;Projet clé en main de 3 villas R+1 haut standing.;Études technique et architecturale, réalisation | Gros œuvre et second œuvre | Aménagements intérieurs et extérieurs;;en-attente;
32;Immeuble Seven 1;/realisations/immeuble-seven-1;residentiel;abidjan;Angré 7e tranche;2018 – 2020;à confirmer;3 000 m²;;;Achèvement des travaux de finition d’un immeuble R+4.;Travaux de second œuvre et de finition;;en-attente;
33;Immeuble Seven 2;/realisations/immeuble-seven-2;residentiel;abidjan;Angré 8e tranche;2019 – 2021;à confirmer;4 000 m²;;;Projet clé en main d’un immeuble R+5 avec mezzanine — 17 appartements haut standing.;Travaux de gros œuvre et de second œuvre | Aménagements intérieurs et extérieurs;;en-attente;
34;Immeuble bureautique Koné;/realisations/immeuble-bureautique-kone;residentiel;abidjan;Vallon;Avril – déc. 2020;à confirmer;600 m²;;;Projet clé en main d’un immeuble R+2 haut standing.;Travaux de gros œuvre et de second œuvre | Aménagements intérieurs et extérieurs;;en-attente;
