Projet;Fichier;Nature;Description;Source;Auteur / détenteur des droits;Licence ou autorisation (preuve);Architecte (si tiers) et autorisation;Autorisation client final;Points à vérifier;Crédit à afficher
Green City;src/assets/projects/green-city/01.jpg;Perspective 3D;Green City, villa R+1 avec piscine au crépuscule;Portfolio GCG_CI.pdf (extrait);à confirmer;à fournir;à confirmer;en-attente;;
Green City;src/assets/projects/green-city/02.jpg;Perspective 3D;Green City, façade sur rue d’une villa avec carport fermé;Portfolio GCG_CI.pdf (extrait);à confirmer;à fournir;à confirmer;en-attente;;
Green City;src/assets/projects/green-city/03.jpg;Photo;Green City, villa en construction, gros œuvre en béton achevé;Portfolio GCG_CI.pdf (extrait);à confirmer;à fournir;à confirmer;en-attente;;
Green City;src/assets/projects/green-city/04.jpg;Photo;Green City, villa au stade du gros œuvre sur le chantier;Portfolio GCG_CI.pdf (extrait);à confirmer;à fournir;à confirmer;en-attente;;
Villa Palmeras;src/assets/projects/villa-palmeras/01.jpg;Perspective 3D;Villa Palmeras, villa R+1 avec jardin et piscine au crépuscule;Portfolio GCG_CI.pdf (extrait);à confirmer;à fournir;à confirmer;en-attente;;
Villa Palmeras;src/assets/projects/villa-palmeras/02.jpg;Perspective 3D;Villa Palmeras, rue bordée de villas R+1;Portfolio GCG_CI.pdf (extrait);à confirmer;à fournir;à confirmer;en-attente;;
Villa Palmeras;src/assets/projects/villa-palmeras/03.jpg;Perspective 3D;Villa Palmeras, vue aérienne d’une avenue avec mail planté;Portfolio GCG_CI.pdf (extrait);à confirmer;à fournir;à confirmer;en-attente;;
Hôtel Calao Korhogo;src/assets/projects/hotel-calao-korhogo/01.jpg;Photo;Hôtel Calao Korhogo, hall d’accueil en double hauteur avec comptoir de réception;Portfolio GCG_CI.pdf (extrait);à confirmer;à fournir;à confirmer;en-attente;;
Hôtel Calao Korhogo;src/assets/projects/hotel-calao-korhogo/02.jpg;Perspective 3D;Hôtel Calao Korhogo, salon du hall avec fauteuils, réception et ascenseur;Portfolio GCG_CI.pdf (extrait);à confirmer;à fournir;à confirmer;en-attente;;
Hôtel Calao Korhogo;src/assets/projects/hotel-calao-korhogo/03.jpg;Photo;Hôtel Calao Korhogo, piscine et cour intérieure éclairées de nuit;Portfolio GCG_CI.pdf (extrait);à confirmer;à fournir;à confirmer;en-attente;;
Projet Élan;src/assets/projects/projet-elan/01.jpg;Perspective 3D;Projet Élan, esplanade piétonne au pied des tours;Portfolio GCG_CI.pdf (extrait);à confirmer;à fournir;à confirmer;en-attente;logo ou marque tierce (MEDIA-05);
Projet Élan;src/assets/projects/projet-elan/02.jpg;Perspective 3D;Projet Élan, piste cyclable sous pergolas dans le parc;Portfolio GCG_CI.pdf (extrait);à confirmer;à fournir;à confirmer;en-attente;;
Projet Élan;src/assets/projects/projet-elan/03.jpg;Perspective 3D;Projet Élan, séjour d’un appartement avec une famille;Portfolio GCG_CI.pdf (extrait);à confirmer;à fournir;à confirmer;en-attente;;
Spa Assinie;src/assets/projects/spa-assinie/01.jpg;Photo;Spa Assinie, salon d’accueil avec canapés en velours orange;Portfolio GCG_CI.pdf (extrait);à confirmer;à fournir;à confirmer;en-attente;;
Spa Assinie;src/assets/projects/spa-assinie/02.jpg;Photo;Spa Assinie, piscine face au plan d’eau avec vélos aquatiques;Portfolio GCG_CI.pdf (extrait);à confirmer;à fournir;à confirmer;en-attente;;
Spa Assinie;src/assets/projects/spa-assinie/03.jpg;Photo;Spa Assinie, couloir avec banquette et éclairage indirect;Portfolio GCG_CI.pdf (extrait);à confirmer;à fournir;à confirmer;en-attente;;
Hôtel Akwabeach;src/assets/projects/hotel-akwabeach/01.jpg;Perspective 3D;Hôtel Akwabeach, terrasse du restaurant surplombant la piscine;Portfolio GCG_CI.pdf (extrait);à confirmer;à fournir;à confirmer;en-attente;;
Hôtel Akwabeach;src/assets/projects/hotel-akwabeach/02.jpg;Perspective 3D;Hôtel Akwabeach, bar-restaurant ouvert sur la plage sous le toit-terrasse;Portfolio GCG_CI.pdf (extrait);à confirmer;à fournir;à confirmer;en-attente;;
Hôtel Akwabeach;src/assets/projects/hotel-akwabeach/03.jpg;Perspective 3D;Hôtel Akwabeach, bar circulaire sur le toit-terrasse au coucher du soleil;Portfolio GCG_CI.pdf (extrait);à confirmer;à fournir;à confirmer;en-attente;;
Usine pharmaceutique SAIF Ivoire;src/assets/projects/saif-ivoire/01.jpg;Photo;Usine pharmaceutique SAIF Ivoire, ossature métallique et passerelle en caillebotis;Portfolio GCG_CI.pdf (extrait);à confirmer;à fournir;à confirmer;en-attente;;
Usine pharmaceutique SAIF Ivoire;src/assets/projects/saif-ivoire/02.jpg;Photo;Usine pharmaceutique SAIF Ivoire, fermes de charpente métallique en cours de montage;Portfolio GCG_CI.pdf (extrait);à confirmer;à fournir;à confirmer;en-attente;logo ou marque tierce (MEDIA-05);
Usine pharmaceutique SAIF Ivoire;src/assets/projects/saif-ivoire/03.jpg;Photo;Usine pharmaceutique SAIF Ivoire, vue du chantier et des structures métalliques;Portfolio GCG_CI.pdf (extrait);à confirmer;à fournir;à confirmer;en-attente;;
Salle polyvalente;src/assets/projects/salle-polyvalente-korhogo/01.jpg;Photo;Salle polyvalente, entrée et auvent à oculus au crépuscule;Portfolio GCG_CI.pdf (extrait);à confirmer;à fournir;à confirmer;en-attente;;
Salle polyvalente;src/assets/projects/salle-polyvalente-korhogo/02.jpg;Photo;Salle polyvalente, entrée principale avec escalier et rampe d’accès;Portfolio GCG_CI.pdf (extrait);à confirmer;à fournir;à confirmer;en-attente;;
Salle polyvalente;src/assets/projects/salle-polyvalente-korhogo/03.jpg;Photo;Salle polyvalente, terrasse avec comptoir de bar et mobilier;Portfolio GCG_CI.pdf (extrait);à confirmer;à fournir;à confirmer;en-attente;;
Royal Palm;src/assets/projects/royal-palm/01.jpg;Photo;Royal Palm, villa R+1 et sa piscine;Portfolio GCG_CI.pdf (extrait);à confirmer;à fournir;à confirmer;en-attente;;
Royal Palm;src/assets/projects/royal-palm/02.jpg;Photo;Royal Palm, vue aérienne de deux villas avec piscines;Portfolio GCG_CI.pdf (extrait);à confirmer;à fournir;à confirmer;en-attente;;
Beach Bar Assinie;src/assets/projects/beach-bar-assinie/01.jpg;Photo;Beach Bar Assinie, piscine face au restaurant-bar ouvert, façade ornée de disques en vannerie;Portfolio GCG_CI.pdf (extrait);à confirmer;à fournir;à confirmer;en-attente;;
Beach Bar Assinie;src/assets/projects/beach-bar-assinie/02.jpg;Photo;Beach Bar Assinie, terrasse avec mange-debout et mur décoré de vanneries;Portfolio GCG_CI.pdf (extrait);à confirmer;à fournir;à confirmer;en-attente;;
Beach Bar Assinie;src/assets/projects/beach-bar-assinie/03.jpg;Photo;Beach Bar Assinie, restaurant éclairé de nuit sous l’étage vitré;Portfolio GCG_CI.pdf (extrait);à confirmer;à fournir;à confirmer;en-attente;texte incrusté dans l’image;
Palm Village;src/assets/projects/palm-village/01.jpg;Photo;Palm Village, villa de plain-pied avec jardin et piscine;Portfolio GCG_CI.pdf (extrait);à confirmer;à fournir;à confirmer;en-attente;;
Palm Village;src/assets/projects/palm-village/02.jpg;Photo;Palm Village, bâtiment R+1 à bardage blanc avec escaliers extérieurs;Portfolio GCG_CI.pdf (extrait);à confirmer;à fournir;à confirmer;en-attente;;
Palm Village;src/assets/projects/palm-village/03.jpg;Photo;Palm Village, bâtiment à bardage clair et escalier extérieur;Portfolio GCG_CI.pdf (extrait);à confirmer;à fournir;à confirmer;en-attente;;
Immeuble Marikati;src/assets/projects/immeuble-marikati/01.jpg;Perspective 3D;Immeuble Marikati, façade vitrée éclairée au crépuscule;Portfolio GCG_CI.pdf (extrait);à confirmer;à fournir;à confirmer;en-attente;;
Immeuble Marikati;src/assets/projects/immeuble-marikati/02.jpg;Perspective 3D;Immeuble Marikati, façade avec balcons et parking au rez-de-chaussée;Portfolio GCG_CI.pdf (extrait);à confirmer;à fournir;à confirmer;en-attente;qualité faible : original souhaité (MEDIA-11);
Immeuble Marikati;src/assets/projects/immeuble-marikati/03.jpg;Perspective 3D;Immeuble Marikati, séjour et salle à manger d’un appartement;Portfolio GCG_CI.pdf (extrait);à confirmer;à fournir;à confirmer;en-attente;qualité faible : original souhaité (MEDIA-11);
Immeuble Belle Feuille;src/assets/projects/immeuble-belle-feuille/01.jpg;Perspective 3D;Immeuble Belle Feuille, façade sur rue éclairée au crépuscule;Portfolio GCG_CI.pdf (extrait);à confirmer;à fournir;à confirmer;en-attente;;
Immeuble Belle Feuille;src/assets/projects/immeuble-belle-feuille/02.jpg;Perspective 3D;Immeuble Belle Feuille, piscine en cœur d’îlot et balcons vitrés;Portfolio GCG_CI.pdf (extrait);à confirmer;à fournir;à confirmer;en-attente;;
Immeuble Attoban;src/assets/projects/immeuble-attoban/01.jpg;Perspective 3D;Immeuble Attoban, vue des trois bâtiments au crépuscule;Portfolio GCG_CI.pdf (extrait);à confirmer;à fournir;à confirmer;en-attente;;
Immeuble Attoban;src/assets/projects/immeuble-attoban/02.jpg;Perspective 3D;Immeuble Attoban, façades des bâtiments depuis le jardin;Portfolio GCG_CI.pdf (extrait);à confirmer;à fournir;à confirmer;en-attente;qualité faible : original souhaité (MEDIA-11);
Immeuble Attoban;src/assets/projects/immeuble-attoban/03.jpg;Perspective 3D;Immeuble Attoban, vue aérienne des trois bâtiments et de la piscine;Portfolio GCG_CI.pdf (extrait);à confirmer;à fournir;à confirmer;en-attente;texte incrusté dans l’image, qualité faible : original souhaité (MEDIA-11);
Immeuble Attoban;src/assets/projects/immeuble-attoban/04.jpg;Plan;Immeuble Attoban, plan d’étage courant des appartements;Portfolio GCG_CI.pdf (extrait);à confirmer;à fournir;à confirmer;en-attente;qualité faible : original souhaité (MEDIA-11);
Suite hôtelière Assouindé;src/assets/projects/suite-hoteliere-assouinde/01.jpg;Perspective 3D;Suite hôtelière Assouindé, terrasse avec bain à remous face à l’eau au coucher du soleil;Portfolio GCG_CI.pdf (extrait);à confirmer;à fournir;à confirmer;en-attente;;
Suite hôtelière Assouindé;src/assets/projects/suite-hoteliere-assouinde/02.jpg;Perspective 3D;Suite hôtelière Assouindé, bâtiment de plain-pied et terrasses privatives;Portfolio GCG_CI.pdf (extrait);à confirmer;à fournir;à confirmer;en-attente;qualité faible : original souhaité (MEDIA-11);
Villa de luxe Assouindé;src/assets/projects/villa-de-luxe-assouinde/01.jpg;Perspective 3D;Villa de luxe Assouindé, villa de plain-pied avec terrasse et piscine;Portfolio GCG_CI.pdf (extrait);à confirmer;à fournir;à confirmer;en-attente;;
Villa de luxe Assouindé;src/assets/projects/villa-de-luxe-assouinde/02.jpg;Perspective 3D;Villa de luxe Assouindé, séjour et salle à manger ouverts sur le jardin;Portfolio GCG_CI.pdf (extrait);à confirmer;à fournir;à confirmer;en-attente;;
Villa de luxe Assouindé;src/assets/projects/villa-de-luxe-assouinde/03.jpg;Perspective 3D;Villa de luxe Assouindé, allée en pas japonais entre les ailes de la villa;Portfolio GCG_CI.pdf (extrait);à confirmer;à fournir;à confirmer;en-attente;;
Salle de sport Progym;src/assets/projects/salle-de-sport-progym/01.jpg;Photo;Salle de sport Progym, bar à protéines face au plateau de musculation;Portfolio GCG_CI.pdf (extrait);à confirmer;à fournir;à confirmer;en-attente;logo ou marque tierce (MEDIA-05);
Salle de sport Progym;src/assets/projects/salle-de-sport-progym/02.jpg;Photo;Salle de sport Progym, piste en gazon synthétique entre poids et appareils cardio;Portfolio GCG_CI.pdf (extrait);à confirmer;à fournir;à confirmer;en-attente;logo ou marque tierce (MEDIA-05), texte incrusté dans l’image;
Salle de sport Progym;src/assets/projects/salle-de-sport-progym/03.jpg;Photo;Salle de sport Progym, terrasse extérieure équipée de vélos de spinning;Portfolio GCG_CI.pdf (extrait);à confirmer;à fournir;à confirmer;en-attente;;
Usine pharmaceutique Pharmanova;src/assets/projects/usine-pharmanova/01.jpg;Photo;Usine pharmaceutique Pharmanova, bâtiment achevé vu depuis la route;Portfolio GCG_CI.pdf (extrait);à confirmer;à fournir;à confirmer;en-attente;logo ou marque tierce (MEDIA-05);
VRD cité Baobab;src/assets/projects/vrd-cite-baobab/01.jpg;Photo;VRD cité Baobab, finisseur posant l’enrobé avec l’équipe de chantier;Portfolio GCG_CI.pdf (extrait);à confirmer;à fournir;à confirmer;en-attente;personnes reconnaissables (consentement ou floutage, MEDIA-08);
VRD cité Baobab;src/assets/projects/vrd-cite-baobab/02.jpg;Photo;VRD cité Baobab, ouvriers réglant l’enrobé d’une voie résidentielle;Portfolio GCG_CI.pdf (extrait);à confirmer;à fournir;à confirmer;en-attente;personnes reconnaissables (consentement ou floutage, MEDIA-08);
Mise à niveau d’un complexe hôtelier;src/assets/projects/mise-a-niveau-complexe-hotelier/01.jpg;Photo;Mise à niveau d’un complexe hôtelier, cuves d’eau raccordées à un groupe de pompage;Portfolio GCG_CI.pdf (extrait);à confirmer;à fournir;à confirmer;en-attente;;
Mise à niveau d’un complexe hôtelier;src/assets/projects/mise-a-niveau-complexe-hotelier/02.jpg;Photo;Mise à niveau d’un complexe hôtelier, extincteur près de la hotte d’une cuisine professionnelle;Portfolio GCG_CI.pdf (extrait);à confirmer;à fournir;à confirmer;en-attente;logo ou marque tierce (MEDIA-05);
Mise à niveau d’un complexe hôtelier;src/assets/projects/mise-a-niveau-complexe-hotelier/03.jpg;Photo;Mise à niveau d’un complexe hôtelier, technicien raccordant un groupe de pompage;Portfolio GCG_CI.pdf (extrait);à confirmer;à fournir;à confirmer;en-attente;logo ou marque tierce (MEDIA-05);
Usine de cajou;src/assets/projects/usine-de-cajou/01.jpg;Perspective 3D;Usine de cajou, vue aérienne des entrepôts et de l’aire de conteneurs;Portfolio GCG_CI.pdf (extrait);à confirmer;à fournir;à confirmer;en-attente;;
Usine de cajou;src/assets/projects/usine-de-cajou/02.jpg;Perspective 3D;Usine de cajou, façade de l’entrepôt et aire de chargement;Portfolio GCG_CI.pdf (extrait);à confirmer;à fournir;à confirmer;en-attente;;
Usine de cajou;src/assets/projects/usine-de-cajou/03.jpg;Perspective 3D;Usine de cajou, voie d’accès et camions devant les bâtiments;Portfolio GCG_CI.pdf (extrait);à confirmer;à fournir;à confirmer;en-attente;;
Temple indien;src/assets/projects/temple-indien/01.jpg;Perspective 3D;Temple indien, façade principale éclairée de nuit;Portfolio GCG_CI.pdf (extrait);à confirmer;à fournir;à confirmer;en-attente;;
Temple indien;src/assets/projects/temple-indien/02.jpg;Perspective 3D;Temple indien, vue de jour avec claustras et pelouse;Portfolio GCG_CI.pdf (extrait);à confirmer;à fournir;à confirmer;en-attente;;
Temple indien;src/assets/projects/temple-indien/03.jpg;Perspective 3D;Temple indien, façade de nuit avec claustras éclairés;Portfolio GCG_CI.pdf (extrait);à confirmer;à fournir;à confirmer;en-attente;;
Villa de maître Beverly Hills;src/assets/projects/villa-de-maitre-beverly-hills/01.jpg;Perspective 3D;Villa de maître Beverly Hills, villa R+1 au coucher du soleil;Portfolio GCG_CI.pdf (extrait);à confirmer;à fournir;à confirmer;en-attente;;
Villa de maître Beverly Hills;src/assets/projects/villa-de-maitre-beverly-hills/02.jpg;Perspective 3D;Villa de maître Beverly Hills, façade d’entrée avec bardage bois;Portfolio GCG_CI.pdf (extrait);à confirmer;à fournir;à confirmer;en-attente;;
Villa de maître Beverly Hills;src/assets/projects/villa-de-maitre-beverly-hills/03.jpg;Photo;Villa de maître Beverly Hills, villa en construction, structure en béton;Portfolio GCG_CI.pdf (extrait);à confirmer;à fournir;à confirmer;en-attente;;
Résidence privée de luxe Beverly Hills;src/assets/projects/residence-privee-beverly-hills/01.jpg;Perspective 3D;Résidence privée de luxe Beverly Hills, façade de villa éclairée et mur d’eau;Portfolio GCG_CI.pdf (extrait);à confirmer;à fournir;à confirmer;en-attente;;
Résidence privée de luxe Beverly Hills;src/assets/projects/residence-privee-beverly-hills/02.jpg;Perspective 3D;Résidence privée de luxe Beverly Hills, villa avec cascade au crépuscule;Portfolio GCG_CI.pdf (extrait);à confirmer;à fournir;à confirmer;en-attente;;
Palm Resort phase 2 : Mövenpick;src/assets/projects/palm-resort-movenpick/01.jpg;Perspective 3D;Palm Resort phase 2 : Mövenpick, villas le long d’une allée au crépuscule;Portfolio GCG_CI.pdf (extrait);à confirmer;à fournir;à confirmer;en-attente;;
Palm Resort phase 2 : Mövenpick;src/assets/projects/palm-resort-movenpick/02.jpg;Perspective 3D;Palm Resort phase 2 : Mövenpick, ponton menant aux bungalows au bord de l’eau;Portfolio GCG_CI.pdf (extrait);à confirmer;à fournir;à confirmer;en-attente;;
Palm Resort phase 2 : Mövenpick;src/assets/projects/palm-resort-movenpick/03.jpg;Perspective 3D;Palm Resort phase 2 : Mövenpick, vue aérienne du plan d’ensemble;Portfolio GCG_CI.pdf (extrait);à confirmer;à fournir;à confirmer;en-attente;;
Palm Resort phase 2 : Mövenpick;src/assets/projects/palm-resort-movenpick/04.jpg;Perspective 3D;Palm Resort phase 2 : Mövenpick, vue aérienne des bungalows et de la piscine;Portfolio GCG_CI.pdf (extrait);à confirmer;à fournir;à confirmer;en-attente;;
Résidence Abatta;src/assets/projects/residence-abatta/01.jpg;Perspective 3D;Résidence Abatta, villas urbaines côté rue au crépuscule;Portfolio GCG_CI.pdf (extrait);à confirmer;à fournir;à confirmer;en-attente;;
Résidence Abatta;src/assets/projects/residence-abatta/02.jpg;Perspective 3D;Résidence Abatta, vue aérienne des villas et de l’immeuble;Portfolio GCG_CI.pdf (extrait);à confirmer;à fournir;à confirmer;en-attente;;
Résidence Abatta;src/assets/projects/residence-abatta/03.jpg;Plan;Résidence Abatta, plan de masse des lots et de la voie de desserte;Portfolio GCG_CI.pdf (extrait);à confirmer;à fournir;à confirmer;en-attente;;
Résidence Assinie Mafia;src/assets/projects/residence-assinie-mafia/01.jpg;Perspective 3D;Résidence Assinie Mafia, villas urbaines alignées sur rue;Portfolio GCG_CI.pdf (extrait);à confirmer;à fournir;à confirmer;en-attente;;
Résidence Assinie Mafia;src/assets/projects/residence-assinie-mafia/02.jpg;Perspective 3D;Résidence Assinie Mafia, villa d’angle avec carport;Portfolio GCG_CI.pdf (extrait);à confirmer;à fournir;à confirmer;en-attente;;
Résidence Assinie Mafia;src/assets/projects/residence-assinie-mafia/03.jpg;Perspective 3D;Résidence Assinie Mafia, villa lagunaire avec piscine et ponton;Portfolio GCG_CI.pdf (extrait);à confirmer;à fournir;à confirmer;en-attente;;
Résidence Assinie Mafia;src/assets/projects/residence-assinie-mafia/04.jpg;Perspective 3D;Résidence Assinie Mafia, villa urbaine à l’angle d’une rue;Portfolio GCG_CI.pdf (extrait);à confirmer;à fournir;à confirmer;en-attente;;
Complexe familial de vacances;src/assets/projects/complexe-familial-vacances/01.jpg;Perspective 3D;Complexe familial de vacances, piscine et transats devant le restaurant sous pergola;Portfolio GCG_CI.pdf (extrait);à confirmer;à fournir;à confirmer;en-attente;;
Complexe familial de vacances;src/assets/projects/complexe-familial-vacances/02.jpg;Perspective 3D;Complexe familial de vacances, allée paysagère avec fontaine menant à la plage;Portfolio GCG_CI.pdf (extrait);à confirmer;à fournir;à confirmer;en-attente;;
École Green City;src/assets/projects/ecole-green-city/01.jpg;Perspective 3D;École Green City, façade du bâtiment R+2 côté rue et parking;Portfolio GCG_CI.pdf (extrait);à confirmer;à fournir;à confirmer;en-attente;;
École Green City;src/assets/projects/ecole-green-city/02.jpg;Perspective 3D;École Green City, vue aérienne avec piscine et terrains de padel;Portfolio GCG_CI.pdf (extrait);à confirmer;à fournir;à confirmer;en-attente;;
École Green City;src/assets/projects/ecole-green-city/03.jpg;Perspective 3D;École Green City, entrée principale avec l’enseigne École française;Portfolio GCG_CI.pdf (extrait);à confirmer;à fournir;à confirmer;en-attente;;
Hôtel du Golf Abidjan;src/assets/projects/hotel-du-golf/01.jpg;Perspective 3D;Hôtel du Golf Abidjan, bâtiment principal incurvé, plage et piscine au coucher du soleil;Portfolio GCG_CI.pdf (extrait);à confirmer;à fournir;à confirmer;en-attente;;
Hôtel du Golf Abidjan;src/assets/projects/hotel-du-golf/02.jpg;Perspective 3D;Hôtel du Golf Abidjan, façade vitrée et plage aménagée au bord de l’eau;Portfolio GCG_CI.pdf (extrait);à confirmer;à fournir;à confirmer;en-attente;qualité faible : original souhaité (MEDIA-11);
Hôtel du Golf Abidjan;src/assets/projects/hotel-du-golf/03.jpg;Perspective 3D;Hôtel du Golf Abidjan, vue aérienne du complexe au bord de l’eau;Portfolio GCG_CI.pdf (extrait);à confirmer;à fournir;à confirmer;en-attente;qualité faible : original souhaité (MEDIA-11);
Hôtel du Golf Abidjan;src/assets/projects/hotel-du-golf/04.jpg;Perspective 3D;Hôtel du Golf Abidjan, salle de restaurant vitrée ouverte sur la terrasse;Portfolio GCG_CI.pdf (extrait);à confirmer;à fournir;à confirmer;en-attente;qualité faible : original souhaité (MEDIA-11);
Villa Palmerais;src/assets/projects/villa-palmerais/01.jpg;Photo;Villa Palmerais, escalier intérieur à garde-corps vitré;Portfolio GCG_CI.pdf (extrait);à confirmer;à fournir;à confirmer;en-attente;;
Villa Palmerais;src/assets/projects/villa-palmerais/02.jpg;Photo;Villa Palmerais, cuisine équipée encore sous films de protection;Portfolio GCG_CI.pdf (extrait);à confirmer;à fournir;à confirmer;en-attente;logo ou marque tierce (MEDIA-05);
Villa Palmerais;src/assets/projects/villa-palmerais/03.jpg;Photo;Villa Palmerais, salle de bains avec vasque et carrelage effet marbre;Portfolio GCG_CI.pdf (extrait);à confirmer;à fournir;à confirmer;en-attente;;
Villa Palmerais;src/assets/projects/villa-palmerais/04.jpg;Photo;Villa Palmerais, dégagement avec rangements intégrés noirs;Portfolio GCG_CI.pdf (extrait);à confirmer;à fournir;à confirmer;en-attente;;
Immeuble Seven 1;src/assets/projects/immeuble-seven-1/01.jpg;Perspective 3D;Immeuble Seven 1, façade avec balcons vitrés et toiture végétalisée;Portfolio GCG_CI.pdf (extrait);à confirmer;à fournir;à confirmer;en-attente;texte incrusté dans l’image;
Immeuble Seven 2;src/assets/projects/immeuble-seven-2/01.jpg;Photo;Immeuble Seven 2, façades en cours de finition avec échafaudage;Portfolio GCG_CI.pdf (extrait);à confirmer;à fournir;à confirmer;en-attente;;
Immeuble Seven 2;src/assets/projects/immeuble-seven-2/02.jpg;Photo;Immeuble Seven 2, façade principale sous échafaudage, vue en contre-plongée;Portfolio GCG_CI.pdf (extrait);à confirmer;à fournir;à confirmer;en-attente;;
Immeuble Seven 2;src/assets/projects/immeuble-seven-2/03.jpg;Photo;Immeuble Seven 2, cuisine équipée d’un appartement;Portfolio GCG_CI.pdf (extrait);à confirmer;à fournir;à confirmer;en-attente;;
Immeuble bureautique Koné;src/assets/projects/immeuble-bureautique-kone/01.jpg;Photo;Immeuble bureautique Koné, façade achevée avec baie vitrée centrale;Portfolio GCG_CI.pdf (extrait);à confirmer;à fournir;à confirmer;en-attente;qualité faible : original souhaité (MEDIA-11);
Immeuble bureautique Koné;src/assets/projects/immeuble-bureautique-kone/02.jpg;Plan;Immeuble bureautique Koné, élévation de la façade principale;Portfolio GCG_CI.pdf (extrait);à confirmer;à fournir;à confirmer;en-attente;;
Immeuble bureautique Koné;src/assets/projects/immeuble-bureautique-kone/03.jpg;Photo;Immeuble bureautique Koné, toupie à béton sur le chantier;Portfolio GCG_CI.pdf (extrait);à confirmer;à fournir;à confirmer;en-attente;qualité faible : original souhaité (MEDIA-11);
Immeuble bureautique Koné;src/assets/projects/immeuble-bureautique-kone/04.jpg;Plan;Immeuble bureautique Koné, plan de structure avec trame des poteaux;Portfolio GCG_CI.pdf (extrait);à confirmer;à fournir;à confirmer;en-attente;qualité faible : original souhaité (MEDIA-11);
